{
  "ndcg@10": 0.23809663360373307,
  "mrr@10": 0.403876111848248,
  "recall@20": 0.14456696501723454
}