{"baseline": {"PLAIN-2": 0.703407, "PLAIN-12": 0.0, "PLAIN-23": 0.144652, "PLAIN-33": 0.0, "PLAIN-44": 0.0, "PLAIN-56": 0.484712, "PLAIN-68": 0.220092, "PLAIN-78": 0.0, "PLAIN-91": 0.220092, "PLAIN-102": 0.094788, "PLAIN-112": 0.330138, "PLAIN-123": 0.233651, "PLAIN-133": 0.0, "PLAIN-143": 0.453743, "PLAIN-153": 0.138862, "PLAIN-165": 0.0, "PLAIN-175": 0.246551, "PLAIN-186": 0.220092, "PLAIN-196": 0.503607, "PLAIN-207": 0.315163, "PLAIN-217": 0.0, "PLAIN-227": 0.0, "PLAIN-238": 0.0, "PLAIN-248": 0.069431, "PLAIN-259": 0.204834, "PLAIN-270": 0.312049, "PLAIN-280": 0.179931, "PLAIN-291": 0.358954, "PLAIN-307": 0.765361, "PLAIN-320": 0.063621, "PLAIN-332": 0.613147, "PLAIN-344": 0.0, "PLAIN-358": 0.0, "PLAIN-371": 0.613147, "PLAIN-383": 0.213986, "PLAIN-395": 0.0, "PLAIN-407": 0.469279, "PLAIN-418": 0.202107, "PLAIN-430": 0.28606, "PLAIN-441": 0.548251, "PLAIN-457": 0.0, "PLAIN-468": 0.217261, "PLAIN-478": 0.0, "PLAIN-488": 0.725735, "PLAIN-499": 0.138862, "PLAIN-510": 0.0, "PLAIN-520": 0.0, "PLAIN-531": 0.220829, "PLAIN-541": 0.390074, "PLAIN-551": 0.0, "PLAIN-561": 0.208294, "PLAIN-571": 0.271341, "PLAIN-583": 0.0, "PLAIN-593": 0.296082, "PLAIN-603": 0.0, "PLAIN-613": 0.220092, "PLAIN-623": 0.0, "PLAIN-634": 0.138862, "PLAIN-645": 0.0, "PLAIN-660": 0.753814, "PLAIN-671": 0.63093, "PLAIN-681": 0.0, "PLAIN-691": 0.0, "PLAIN-701": 0.193251, "PLAIN-711": 0.142795, "PLAIN-721": 1.0, "PLAIN-731": 0.448215, "PLAIN-741": 0.330138, "PLAIN-751": 0.0, "PLAIN-761": 0.151301, "PLAIN-771": 0.967468, "PLAIN-782": 0.0, "PLAIN-792": 0.286381, "PLAIN-806": 0.930569, "PLAIN-817": 0.0, "PLAIN-827": 0.820069, "PLAIN-838": 0.62005, "PLAIN-850": 0.245731, "PLAIN-872": 0.0, "PLAIN-882": 0.248908, "PLAIN-892": 0.0, "PLAIN-902": 0.385359, "PLAIN-913": 0.863015, "PLAIN-924": 0.094788, "PLAIN-934": 0.637113, "PLAIN-946": 0.066254, "PLAIN-956": 0.438287, "PLAIN-966": 0.135652, "PLAIN-977": 0.296082, "PLAIN-987": 0.0, "PLAIN-997": 0.0, "PLAIN-1008": 0.0, "PLAIN-1018": 0.31955, "PLAIN-1028": 0.0, "PLAIN-1039": 0.877215, "PLAIN-1050": 0.0, "PLAIN-1066": 0.0, "PLAIN-1088": 0.315648, "PLAIN-1098": 0.0, "PLAIN-1109": 0.538411, "PLAIN-1119": 0.0, "PLAIN-1130": 0.356207, "PLAIN-1141": 0.0, "PLAIN-1151": 0.195189, "PLAIN-1161": 0.0, "PLAIN-1172": 0.066254, "PLAIN-1183": 0.138862, "PLAIN-1193": 0.078398, "PLAIN-1203": 0.069431, "PLAIN-1214": 0.0, "PLAIN-1225": 0.693663, "PLAIN-1236": 0.213986, "PLAIN-1249": 0.0, "PLAIN-1262": 0.073364, "PLAIN-1275": 0.568004, "PLAIN-1288": 0.416382, "PLAIN-1299": 0.078398, "PLAIN-1309": 0.0, "PLAIN-1320": 0.432926, "PLAIN-1331": 0.0, "PLAIN-1342": 0.073364, "PLAIN-1353": 0.0, "PLAIN-1363": 0.220092, "PLAIN-1374": 0.248908, "PLAIN-1387": 0.307015, "PLAIN-1398": 0.787774, "PLAIN-1409": 0.0, "PLAIN-1419": 0.138862, "PLAIN-1429": 0.0, "PLAIN-1441": 0.473387, "PLAIN-1453": 0.378599, "PLAIN-1463": 0.268553, "PLAIN-1473": 0.0, "PLAIN-1485": 0.0, "PLAIN-1496": 0.0, "PLAIN-1506": 0.094788, "PLAIN-1516": 0.0, "PLAIN-1527": 0.763095, "PLAIN-1537": 0.138862, "PLAIN-1547": 0.0, "PLAIN-1557": 0.133052, "PLAIN-1568": 0.613147, "PLAIN-1579": 0.33916, "PLAIN-1590": 0.161043, "PLAIN-1601": 0.643121, "PLAIN-1611": 0.0, "PLAIN-1621": 0.0, "PLAIN-1635": 0.930569, "PLAIN-1645": 0.302602, "PLAIN-1656": 0.0, "PLAIN-1667": 0.756448, "PLAIN-1679": 0.0, "PLAIN-1690": 0.0, "PLAIN-1700": 0.0, "PLAIN-1710": 1.0, "PLAIN-1721": 0.623574, "PLAIN-1731": 0.530721, "PLAIN-1741": 1.0, "PLAIN-1752": 0.0, "PLAIN-1762": 0.224323, "PLAIN-1772": 0.613147, "PLAIN-1784": 0.0, "PLAIN-1794": 0.591235, "PLAIN-1805": 0.713654, "PLAIN-1817": 0.444097, "PLAIN-1827": 0.0, "PLAIN-1837": 1.0, "PLAIN-1847": 0.110046, "PLAIN-1857": 0.5573, "PLAIN-1867": 0.0, "PLAIN-1877": 0.0, "PLAIN-1887": 0.0, "PLAIN-1897": 0.0, "PLAIN-1909": 0.568004, "PLAIN-1919": 0.381134, "PLAIN-1929": 0.0, "PLAIN-1940": 0.233651, "PLAIN-1950": 0.110046, "PLAIN-1962": 0.0, "PLAIN-1972": 0.0, "PLAIN-1983": 0.770204, "PLAIN-1995": 0.0, "PLAIN-2009": 0.097852, "PLAIN-2019": 0.0, "PLAIN-2030": 0.0, "PLAIN-2040": 0.448669, "PLAIN-2051": 0.533377, "PLAIN-2061": 0.926636, "PLAIN-2071": 0.356596, "PLAIN-2081": 0.0, "PLAIN-2092": 0.61225, "PLAIN-2102": 0.488645, "PLAIN-2113": 0.0, "PLAIN-2124": 0.212226, "PLAIN-2134": 0.0, "PLAIN-2145": 0.0, "PLAIN-2156": 0.584227, "PLAIN-2167": 0.0, "PLAIN-2177": 0.135685, "PLAIN-2187": 0.0, "PLAIN-2197": 0.390927, "PLAIN-2209": 0.0, "PLAIN-2220": 0.078349, "PLAIN-2230": 0.0, "PLAIN-2240": 0.470556, "PLAIN-2250": 0.0, "PLAIN-2261": 0.554143, "PLAIN-2271": 0.0, "PLAIN-2281": 0.0, "PLAIN-2291": 0.131205, "PLAIN-2301": 0.0, "PLAIN-2311": 0.0, "PLAIN-2321": 0.0, "PLAIN-2332": 0.286346, "PLAIN-2343": 0.0, "PLAIN-2354": 0.271677, "PLAIN-2364": 0.0, "PLAIN-2375": 0.0, "PLAIN-2386": 0.0, "PLAIN-2396": 0.0, "PLAIN-2408": 0.0, "PLAIN-2430": 0.358954, "PLAIN-2440": 0.0, "PLAIN-2450": 0.297272, "PLAIN-2460": 0.422575, "PLAIN-2470": 0.231773, "PLAIN-2480": 0.310171, "PLAIN-2490": 0.154574, "PLAIN-2500": 0.137438, "PLAIN-2510": 0.750637, "PLAIN-2520": 0.110046, "PLAIN-2530": 0.933746, "PLAIN-2540": 0.239921, "PLAIN-2550": 0.0, "PLAIN-2560": 0.777872, "PLAIN-2570": 0.233651, "PLAIN-2580": 0.400023, "PLAIN-2590": 0.069431, "PLAIN-2600": 0.110046, "PLAIN-2610": 0.393758, "PLAIN-2620": 0.085143, "PLAIN-2630": 0.701973, "PLAIN-2640": 0.800694, "PLAIN-2650": 0.248908, "PLAIN-2660": 0.110046, "PLAIN-2670": 0.31488, "PLAIN-2680": 0.367921, "PLAIN-2690": 0.289523, "PLAIN-2700": 0.138862, "PLAIN-2710": 0.563788, "PLAIN-2720": 0.289977, "PLAIN-2730": 0.0, "PLAIN-2740": 0.510069, "PLAIN-2750": 0.305235, "PLAIN-2760": 0.0, "PLAIN-2770": 0.110046, "PLAIN-2780": 0.59586, "PLAIN-2790": 0.793584, "PLAIN-2800": 0.173187, "PLAIN-2810": 0.126471, "PLAIN-2820": 0.0, "PLAIN-2830": 0.296082, "PLAIN-2840": 0.0, "PLAIN-2850": 0.0, "PLAIN-2860": 0.877215, "PLAIN-2870": 0.33916, "PLAIN-2880": 0.0, "PLAIN-2890": 0.085143, "PLAIN-2900": 0.110046, "PLAIN-2910": 0.094788, "PLAIN-2920": 0.097913, "PLAIN-2930": 0.220092, "PLAIN-2940": 0.0, "PLAIN-2950": 0.0, "PLAIN-2960": 0.386853, "PLAIN-2970": 0.0, "PLAIN-2981": 0.173428, "PLAIN-2991": 0.177239, "PLAIN-3001": 0.264068, "PLAIN-3014": 0.0, "PLAIN-3026": 0.0, "PLAIN-3037": 0.0, "PLAIN-3053": 0.703918, "PLAIN-3063": 0.0, "PLAIN-3074": 1.0, "PLAIN-3085": 0.378002, "PLAIN-3097": 0.39038, "PLAIN-3116": 0.0, "PLAIN-3131": 0.302602, "PLAIN-3141": 0.110046, "PLAIN-3151": 0.510069, "PLAIN-3161": 0.561911, "PLAIN-3171": 0.085143, "PLAIN-3181": 0.283713, "PLAIN-3191": 0.237584, "PLAIN-3201": 0.0, "PLAIN-3211": 0.0, "PLAIN-3221": 0.0, "PLAIN-3231": 0.0, "PLAIN-3241": 0.0, "PLAIN-3251": 0.110046, "PLAIN-3261": 0.0, "PLAIN-3271": 0.0, "PLAIN-3281": 0.069431, "PLAIN-3292": 0.216296, "PLAIN-3302": 0.094788, "PLAIN-3312": 0.224006, "PLAIN-3322": 0.161043, "PLAIN-3332": 0.527106, "PLAIN-3342": 0.234639, "PLAIN-3352": 0.0, "PLAIN-3362": 0.371854, "PLAIN-3372": 0.0, "PLAIN-3382": 0.478902, "PLAIN-3392": 0.094788, "PLAIN-3402": 0.0, "PLAIN-3412": 0.539641, "PLAIN-3422": 0.283713, "PLAIN-3432": 0.293437, "PLAIN-3442": 0.0, "PLAIN-3452": 0.466642, "PLAIN-3462": 0.617284, "PLAIN-3472": 0.0}, "meta": {"n_queries": 323, "mean_ndcg": 0.2381}}