{
  "ndcg@10": 0.5816798408197574,
  "mrr@10": 0.553739417989418,
  "recall@20": 0.737
}