{
  "scifact": {
    "bm25": {
      "ndcg@10": 0.5597016150134456,
      "mrr@10": 0.5242208994708994,
      "recall@20": 0.737
    },
    "reranker": {
      "ndcg@10": 0.5816798408197574,
      "mrr@10": 0.553739417989418,
      "recall@20": 0.737
    }
  },
  "nfcorpus": {
    "bm25": {
      "ndcg@10": 0.2666459356136742,
      "mrr@10": 0.46694923583468473,
      "recall@20": 0.14456696501723454
    },
    "reranker": {
      "ndcg@10": 0.23809663360373307,
      "mrr@10": 0.403876111848248,
      "recall@20": 0.14456696501723454
    }
  }
}